2004,2005,2006,2007,2008,2009,2010,2011,2012,2013,2014,2015,2016,2017,2018,2019,2020,2021,2022,2023,2024
1,0.2,0.0,2.4,0.0,0.0,0.0,2.2,0.0,0.0,5.8,2.2,0.0,0.0,0.0,0.0,0.0,0.0,30.0,0.0,0.0,0.0
2,0.0,0.0,0.0,0.0,0.4,0.0,0.0,0.0,2.4,3.9,9.9,0.0,7.6,0.0,0.0,0.0,0.0,26.0,0.0,0.0,0.0
3,0.0,0.0,0.0,0.0,4.2,0.0,0.0,0.0,0.0,0.0,0.2,0.0,0.0,0.0,0.0,0.0,0.0,10.0,0.0,0.0,0.0
4,0.0,0.0,0.0,0.0,17.8,0.0,8.6,0.0,0.0,0.0,43.6,0.0,0.0,0.0,0.0,0.0,0.0,5.4,0.0,0.0,0.0
5,0.0,0.0,0.0,0.0,1.4,0.0,1.8,0.0,0.0,0.0,16.0,0.0,0.0,0.0,0.0,0.0,0.0,0.0,9.7,0.0,51.2
6,0.0,0.0,0.0,0.0,5.8,35.0,0.0,13.4,0.0,0.0,0.0,0.0,0.0,0.0,2.0,0.0,0.0,0.0,1.6,0.0,0.2
7,0.2,0.0,0.0,0.0,0.0,14.6,11.2,11.9,0.0,0.0,0.0,0.0,0.0,0.0,0.0,0.0,0.0,0.0,0.0,0.4,0.0
8,0.0,0.0,0.0,0.0,0.0,8.0,18.4,0.0,0.0,0.0,0.0,0.0,0.0,0.0,14.0,0.0,0.0,0.0,0.0,29.0,0.0
9,2.2,0.0,0.0,0.0,0.0,1.0,3.6,0.0,0.0,0.0,0.0,0.0,0.0,0.0,22.3,0.0,0.0,0.0,0.0,0.0,0.4
10,0.2,0.0,0.0,0.0,7.2,0.0,0.4,35.0,0.0,0.0,0.0,0.0,0.0,0.0,2.4,0.0,1.0,0.0,0.0,0.0,0.0
11,0.0,0.0,0.2,0.2,38.8,0.0,0.0,0.0,0.0,0.0,0.0,0.0,0.0,0.0,0.0,0.0,0.0,0.0,0.0,0.0,0.0
12,0.0,0.0,0.0,0.0,24.6,0.0,9.0,0.0,0.0,0.0,0.0,0.0,0.0,0.0,0.0,0.0,0.0,0.0,0.0,0.0,0.0
13,0.0,0.0,0.0,0.0,0.0,0.0,1.8,0.0,0.0,9.0,0.0,0.0,0.0,0.0,0.0,0.0,0.0,0.0,0.0,0.0,0.0
14,0.2,0.0,0.0,0.0,46.6,0.0,12.6,0.0,0.0,3.2,19.9,0.0,5.0,0.0,2.0,0.0,0.0,0.0,0.0,0.0,0.0
15,0.0,0.0,0.0,0.0,15.4,0.0,0.0,0.0,0.0,0.0,0.0,0.0,0.0,0.0,0.0,0.0,0.0,1.0,0.0,0.0,0.0
16,0.0,0.0,5.0,1.0,17.8,0.0,0.0,0.0,0.0,0.0,7.8,0.0,0.0,0.0,0.0,0.0,0.0,0.0,0.0,0.0,0.0
17,0.2,0.0,6.4,0.0,0.0,0.0,0.0,0.0,0.0,0.4,69.4,2.2,0.0,0.0,0.0,0.2,18.0,0.0,0.0,0.0,13.5
18,2.0,0.0,0.0,0.0,0.0,0.0,0.0,0.0,0.0,0.0,12.8,0.0,0.0,0.0,0.0,0.0,0.0,0.0,0.0,0.0,0.2
19,0.0,0.0,0.0,0.2,0.0,15.0,0.0,0.0,0.0,31.8,26.2,5.0,0.0,0.0,0.0,0.0,0.0,0.0,0.0,0.0,0.0
20,0.0,0.2,0.0,0.0,0.0,3.6,0.0,5.9,0.0,32.7,32.0,0.0,0.0,0.0,0.0,0.0,0.0,3.8,0.0,0.0,0.0
21,0.0,0.0,0.0,0.0,0.0,0.0,0.0,0.0,0.0,1.2,0.0,0.0,0.0,0.0,0.0,0.0,0.0,12.9,0.0,0.0,0.0
22,0.0,0.0,0.0,7.4,0.0,0.0,0.0,0.0,0.0,0.0,0.0,16.6,0.0,0.0,0.0,0.0,0.0,19.6,0.0,0.0,0.0
23,1.6,6.6,0.0,0.6,0.0,4.0,0.0,0.0,0.0,15.2,0.0,0.0,0.0,1.0,0.0,0.2,0.0,0.0,0.0,1.0,0.0
24,0.0,0.0,0.0,1.4,0.0,8.2,7.8,0.0,0.0,0.0,0.0,0.0,0.0,0.0,0.0,0.0,2.0,0.0,0.0,0.4,0.0
25,0.0,0.0,0.0,9.0,0.0,0.0,1.6,0.0,0.0,0.0,0.0,0.0,0.0,0.0,0.0,0.0,0.0,0.0,0.0,0.0,0.0
26,2.8,0.0,7.2,1.2,0.0,3.8,0.0,0.0,0.0,0.0,0.0,0.0,0.0,0.0,0.0,0.0,0.0,0.0,0.0,0.0,0.0
27,0.0,1.4,3.2,0.0,0.0,0.0,0.0,0.0,0.0,1.0,0.0,0.0,0.0,0.0,3.8,0.0,0.0,0.0,0.0,0.0,0.0
28,0.0,0.2,9.8,0.0,0.0,0.0,0.0,0.0,12.0,5.0,0.0,0.0,0.0,0.6,0.0,0.0,0.6,0.0,0.0,0.0,0.0
29,0.0,0.0,13.2,0.0,0.0,0.0,0.0,23.4,20.1,0.0,1.2,0.0,0.0,2.2,0.0,0.0,0.0,0.0,0.0,0.0,0.0
30,0.0,0.0,0.6,0.0,0.0,0.0,0.0,0.2,3.2,0.0,13.6,7.6,0.0,0.0,0.0,1.2,0.0,4.4,0.0,0.0,0.0
31,0.0,0.0,0.0,0.0,0.0,0.0,0.0,0.0,28.8,0.0,25.6,0.0,0.0,0.0,0.0,2.2,0.0,0.0,0.0,0.0,0.0
32,0.0,0.0,0.0,0.0,7.6,1.2,0.0,0.0,0.0,0.0,4.8,0.0,0.0,0.0,0.0,66.2,0.0,0.0,0.0,0.0,0.0
33,0.0,0.0,0.0,0.0,1.0,25.4,0.0,0.0,0.0,0.0,1.4,0.0,0.0,0.0,0.0,21.1,0.0,0.0,0.0,0.0,0.0
34,0.0,0.0,0.0,0.0,0.6,0.8,0.6,0.0,0.0,0.0,7.2,0.0,0.0,5.4,0.0,2.9,0.0,0.0,0.0,0.0,0.0
35,0.0,0.0,0.0,0.0,20.0,10.0,9.2,0.0,0.0,0.0,0.4,0.4,0.0,2.0,0.0,0.0,0.0,0.0,0.0,0.0,0.0
36,0.0,0.0,0.0,0.2,0.0,2.8,13.8,0.0,0.0,0.0,11.0,1.8,0.0,3.4,0.0,0.0,0.0,0.0,0.0,0.6,0.0
37,0.0,0.0,0.0,0.2,0.0,11.2,0.0,0.0,0.0,0.0,20.6,7.0,0.0,11.0,4.2,0.0,0.0,0.0,0.0,0.0,0.0
38,0.0,0.0,0.0,0.2,0.0,0.0,0.0,0.0,0.0,0.0,0.4,0.0,2.2,0.0,0.0,0.0,0.0,11.4,0.0,0.0,0.0
39,0.0,0.0,0.0,1.4,0.0,0.0,2.0,0.2,0.0,0.0,4.6,0.0,24.2,0.0,0.0,0.0,0.0,3.2,0.0,0.0,0.0
40,0.0,0.0,0.0,0.2,0.0,0.0,0.0,0.0,0.0,0.8,26.4,0.0,0.0,2.8,0.0,0.0,0.0,14.6,0.0,0.0,16.4
41,0.0,0.0,0.0,0.0,0.0,0.0,10.0,0.0,0.0,15.9,9.3,0.0,3.0,2.2,1.8,0.0,0.0,22.5,0.0,0.0,65.1
42,0.0,0.0,0.0,0.0,0.0,0.0,11.6,0.0,0.0,16.5,20.4,0.0,0.0,1.0,0.8,0.0,0.0,0.0,0.0,0.0,11.5
43,0.0,0.0,0.0,2.2,0.0,0.2,0.2,0.0,0.0,0.0,7.4,0.0,0.0,0.0,0.0,0.0,0.0,3.6,0.0,0.0,0.0
44,0.0,0.0,0.6,0.0,0.0,0.0,0.0,0.4,0.0,0.0,0.0,0.0,10.0,0.0,0.0,0.0,0.0,4.4,0.0,0.0,0.0
45,0.0,0.0,0.0,6.8,0.0,0.0,0.0,3.8,0.0,0.0,0.0,9.0,0.0,0.0,7.0,0.0,0.0,0.0,23.8,0.0,0.0
46,0.0,0.0,0.0,0.0,0.0,0.0,0.0,33.2,0.0,0.0,0.0,28.1,4.4,0.0,2.0,0.0,0.0,0.0,0.4,0.0,0.0
47,0.0,1.2,0.0,0.0,0.0,0.0,4.8,30.4,0.0,0.0,1.4,7.0,0.0,0.0,0.0,0.0,0.0,0.0,0.0,0.0,0.0
48,0.0,0.4,0.0,0.0,0.0,0.0,22.8,8.4,0.0,0.4,0.0,6.0,0.0,0.0,0.0,0.0,0.0,0.0,0.0,0.0,0.0
49,0.0,0.4,5.2,0.2,0.0,0.0,21.8,0.0,0.0,0.0,2.4,0.0,0.0,0.0,1.2,0.0,0.0,0.0,0.0,0.0,0.0
50,0.8,0.2,17.0,0.0,0.0,0.0,7.0,0.0,0.0,0.0,0.0,0.0,0.0,0.0,2.0,0.0,0.0,0.0,0.0,0.0,0.0
51,5.6,0.0,0.2,0.0,0.0,0.0,0.0,5.2,0.0,0.0,0.0,0.0,0.0,0.0,0.0,0.0,0.0,0.0,0.0,0.0,0.0
52,19.2,0.0,0.2,0.0,0.0,0.0,10.8,0.0,0.0,24.0,0.0,0.0,0.0,0.0,0.8,0.0,0.0,0.0,0.0,0.0,0.0
53,4.0,0.2,0.2,0.0,0.0,0.0,24.4,0.0,0.0,4.8,0.0,1.8,0.0,0.0,0.0,0.0,0.0,0.0,0.0,0.0,5.2
54,16.0,0.6,0.0,0.0,0.0,0.0,0.0,0.0,0.0,9.1,0.0,22.4,0.0,0.0,0.0,0.0,0.0,0.0,0.0,0.0,0.0
55,0.0,12.6,9.8,0.0,0.0,0.0,0.0,0.0,0.0,17.2,0.0,0.0,0.0,0.0,0.0,0.0,0.0,0.0,2.6,0.0,0.8
56,0.0,0.8,0.6,0.0,0.0,0.0,2.0,0.0,0.0,0.0,0.0,0.0,0.0,0.0,0.0,0.0,0.0,0.0,0.0,0.0,28.3
57,58.0,0.0,0.0,0.0,0.0,0.0,0.0,0.4,0.0,0.0,0.0,0.0,0.0,0.0,8.8,0.0,0.0,0.2,0.0,10.5,90.7
58,2.6,15.4,0.0,0.0,1.0,0.0,0.2,0.0,0.0,0.2,14.3,0.0,0.0,0.0,5.2,0.0,0.0,0.0,0.0,0.0,16.3
59,0.0,0.0,0.0,0.2,0.0,4.4,0.0,0.2,0.0,0.0,0.4,0.0,4.4,0.0,0.2,0.0,0.0,0.0,0.0,0.0,2.2
60,0.0,0.0,0.0,0.0,0.0,1.2,0.0,0.2,0.0,0.0,0.0,0.0,18.1,4.8,0.0,0.0,0.0,0.0,0.0,0.4,0.0
61,0.2,0.2,0.0,0.0,0.4,0.2,1.2,0.0,0.0,0.0,20.4,0.0,3.0,1.0,2.6,0.0,0.2,0.0,0.0,0.0,0.0
62,0.0,0.0,0.0,0.0,0.0,3.8,11.6,0.0,0.0,0.0,0.8,0.0,0.0,0.0,7.5,0.0,47.8,0.0,0.0,0.0,8.0
63,0.0,0.0,3.6,0.2,0.0,25.4,0.0,0.0,0.2,0.0,0.0,0.0,0.0,0.0,21.8,0.0,0.0,0.0,4.0,0.0,58.2
64,0.0,0.0,0.0,5.4,0.0,3.0,2.8,0.0,0.0,25.7,24.0,0.0,0.0,3.8,11.4,0.0,0.0,0.0,1.2,0.0,0.2
65,0.2,0.0,1.2,2.4,0.0,0.0,0.0,0.0,15.6,46.0,0.0,0.0,0.0,5.0,6.0,0.0,22.2,0.0,2.4,0.0,0.0
66,10.8,0.0,0.0,0.0,2.4,0.0,0.4,0.0,0.0,28.1,0.0,0.0,10.6,0.0,7.0,0.0,0.0,0.0,0.0,0.0,0.0
67,0.8,0.0,0.2,0.2,2.0,0.0,0.0,0.0,0.0,14.8,0.0,0.0,6.0,0.0,0.0,0.0,0.0,0.0,0.0,0.0,0.0
68,0.0,0.0,0.0,0.0,2.0,0.0,0.0,0.0,0.0,6.4,0.0,0.0,0.0,0.0,0.0,0.0,0.0,6.2,0.0,0.0,8.1
69,0.0,0.0,0.0,0.0,27.2,0.0,0.2,0.0,0.0,0.0,0.0,0.0,0.0,0.0,0.0,0.0,0.0,0.0,0.0,0.0,16.3
70,0.0,0.0,0.0,0.0,4.6,0.0,0.0,4.4,0.0,0.8,0.0,0.0,2.0,0.0,0.0,0.0,0.0,0.0,0.0,0.0,37.7
71,0.0,0.0,0.0,0.0,0.0,0.0,0.0,25.6,0.0,0.0,0.0,0.0,0.0,0.0,2.0,0.0,0.0,0.0,0.0,0.0,10.1
72,0.0,0.2,0.2,0.0,0.0,0.0,0.0,0.0,0.0,0.8,0.0,0.0,0.0,0.0,16.4,0.0,0.2,0.0,2.6,0.0,0.0
73,0.0,0.0,0.0,0.0,0.0,0.0,0.0,16.4,0.0,23.8,0.0,0.0,0.0,0.0,21.0,0.0,0.0,0.0,0.2,0.8,0.0
74,0.0,0.0,0.0,0.0,0.0,0.0,0.0,41.4,0.0,0.0,0.0,0.0,0.0,0.0,0.0,0.0,0.0,0.0,0.0,0.0,0.0
75,0.0,0.0,0.0,0.0,0.2,0.0,0.0,0.0,0.0,2.0,0.0,0.0,0.0,0.0,0.0,0.0,0.0,0.0,0.0,0.0,0.0
76,0.0,1.4,0.0,0.0,0.0,0.0,0.0,0.0,0.0,22.7,0.0,3.0,0.0,0.0,5.6,0.0,0.0,2.0,0.0,0.0,0.0
77,0.0,1.8,0.2,0.8,0.0,0.2,0.0,0.0,0.0,0.0,0.0,1.2,0.0,0.0,34.0,0.0,0.0,0.2,0.0,0.0,0.0
78,0.0,1.4,0.2,0.0,0.2,0.0,0.0,0.0,1.2,7.4,0.0,5.5,2.0,0.0,7.9,0.0,0.0,0.0,0.0,0.0,0.0
79,0.0,0.8,12.6,0.0,1.0,0.0,0.6,0.0,0.0,0.0,0.0,0.0,0.2,0.0,5.4,0.0,0.0,0.0,0.0,0.0,0.0
80,0.0,0.0,2.0,0.0,0.0,0.0,10.8,0.0,0.0,0.0,0.0,0.0,0.0,0.0,3.0,0.0,0.0,0.0,0.0,0.0,0.0
81,0.0,2.8,0.2,0.0,0.0,0.0,0.6,0.0,0.0,0.0,0.0,0.0,0.0,0.0,0.0,0.0,0.0,0.0,0.0,0.0,0.0
82,0.0,0.2,8.2,1.4,0.0,0.0,0.0,0.0,0.0,19.4,0.0,0.0,0.0,0.0,0.0,0.0,0.0,0.0,0.0,0.0,0.0
83,0.0,0.2,0.0,0.0,0.0,0.0,0.0,0.0,0.0,11.0,13.0,1.6,0.0,0.0,0.4,0.0,0.0,0.0,0.0,0.0,0.0
84,0.0,0.2,0.0,0.0,0.0,0.2,3.8,0.0,0.0,0.0,22.0,0.0,0.0,19.0,0.0,0.0,0.0,0.0,0.0,0.2,0.0
85,0.2,0.0,10.0,0.0,0.0,17.6,0.8,20.4,0.0,0.0,0.0,0.0,0.0,25.3,0.0,0.0,0.0,0.0,0.0,0.0,0.0
86,0.0,1.0,0.0,0.0,0.2,21.2,0.0,6.4,0.0,0.8,0.0,2.2,0.0,0.0,0.0,0.0,0.4,0.0,0.0,0.0,24.6
87,0.0,0.0,0.0,0.0,0.0,0.0,0.0,0.0,0.0,11.4,1.0,1.0,0.0,19.0,0.0,0.0,0.0,0.0,0.0,0.0,7.0
88,0.0,0.0,0.0,0.4,0.0,20.2,0.2,0.2,0.0,20.5,0.0,0.0,0.0,0.0,0.0,0.0,0.0,0.0,0.0,0.0,5.0
89,2.2,0.0,0.0,9.2,0.0,43.6,2.0,0.0,0.0,0.0,0.0,0.0,0.0,0.0,0.0,0.0,0.0,0.0,7.7,0.0,0.8
90,0.6,0.0,0.0,0.0,0.0,0.8,1.4,0.0,0.0,0.0,0.0,0.0,2.0,0.0,0.0,0.0,0.6,0.0,0.8,0.0,3.8
91,0.0,0.0,0.2,0.0,0.0,0.0,0.0,0.2,0.0,3.8,0.0,0.0,0.0,0.0,0.0,0.0,1.2,0.0,0.0,0.0,45.9
92,4.0,0.0,0.0,0.0,0.0,0.0,0.4,0.2,0.0,0.0,0.0,0.0,0.2,0.0,0.0,0.0,0.0,0.0,1.0,0.0,15.7
93,2.2,0.2,0.0,0.8,0.0,0.0,0.6,0.0,0.0,1.4,0.0,0.0,0.0,0.0,13.0,29.7,0.0,0.8,0.0,0.0,0.0
94,0.0,0.4,0.2,0.0,0.0,0.0,0.4,0.2,0.0,23.4,0.0,0.0,1.6,4.2,0.0,21.2,0.0,0.0,0.0,0.0,0.0
95,0.2,1.6,0.0,0.0,0.0,0.0,0.0,0.0,10.4,0.0,0.0,0.0,0.0,4.0,0.0,0.0,0.0,0.0,0.0,1.0,0.0
96,0.0,0.2,0.0,0.0,0.0,0.0,0.0,0.0,0.0,0.0,1.8,0.0,0.0,0.0,0.0,8.3,0.0,0.0,0.0,0.0,0.0
97,0.0,1.6,0.0,0.0,0.0,0.0,0.0,0.0,0.6,2.0,0.0,9.3,0.0,0.0,10.2,2.8,0.0,0.0,0.0,0.0,0.0
98,0.2,0.2,0.2,0.0,1.0,0.0,0.0,0.0,0.0,0.0,0.0,20.0,0.0,0.0,0.0,0.0,0.0,0.0,0.0,0.0,0.0
99,5.8,0.2,0.0,0.0,5.4,1.2,0.0,0.0,0.0,0.0,0.0,0.0,0.0,0.0,0.0,0.0,0.0,0.0,0.0,0.0,0.0
100,0.0,0.0,0.0,0.0,3.2,0.0,0.0,0.2,0.0,0.0,0.2,0.0,0.0,0.0,0.0,0.2,0.0,17.5,0.0,0.0,5.6
101,0.0,10.0,0.0,1.2,2.6,0.0,2.0,0.0,40.2,0.0,0.0,0.0,0.0,0.0,0.0,0.6,0.0,14.0,0.0,0.0,17.8
102,0.0,0.0,0.0,3.6,0.0,0.0,0.0,0.0,0.4,0.0,0.0,0.0,2.2,0.0,0.4,0.8,0.0,7.6,0.0,1.6,0.0
103,0.6,0.0,1.2,0.0,0.0,25.0,0.0,0.4,0.8,0.0,0.0,0.0,0.0,0.0,17.4,0.0,0.0,0.2,0.0,0.2,0.0
104,0.0,0.0,2.2,0.0,13.8,3.0,0.0,0.0,0.2,0.2,0.0,0.0,0.0,0.0,6.4,4.2,0.0,0.0,0.0,0.0,0.0
105,0.0,0.0,0.0,0.0,0.0,0.0,0.0,0.0,25.6,0.2,0.0,0.0,0.0,0.0,3.6,0.0,0.0,0.0,0.0,3.8,0.0
106,4.4,0.4,0.0,0.0,0.0,12.8,0.0,0.0,3.4,0.2,0.0,0.0,0.0,0.0,30.4,0.0,0.0,0.0,0.0,0.0,0.0
107,0.0,0.0,0.0,0.0,4.0,1.0,0.0,0.0,0.6,0.0,0.0,0.2,0.0,0.0,36.4,0.0,0.0,0.0,0.0,0.0,0.2
108,0.0,0.6,0.0,0.0,26.8,0.0,0.0,0.0,0.0,0.0,0.0,0.0,0.0,0.0,0.0,0.0,0.0,0.0,0.0,0.0,0.0
109,0.2,0.0,0.0,0.0,1.6,0.0,0.0,0.0,0.0,0.4,0.0,0.2,0.0,0.0,0.0,0.0,0.0,0.0,0.0,0.0,1.6
110,0.0,0.8,0.0,0.0,6.6,0.0,0.0,1.4,0.8,0.2,0.0,0.6,0.0,0.0,0.0,0.0,11.2,0.0,3.0,0.0,0.0
111,0.0,0.0,0.0,0.0,9.4,0.0,0.0,7.2,0.0,3.0,0.0,0.0,1.2,2.0,0.0,0.0,2.4,49.6,1.8,0.0,0.0
112,0.0,0.0,0.0,0.0,0.0,0.0,4.6,0.0,0.0,0.0,0.8,0.0,0.2,4.0,0.0,1.0,0.2,0.0,0.0,0.0,0.0
113,0.0,0.0,0.0,0.0,0.2,17.0,1.2,0.0,0.0,0.0,0.0,0.0,0.0,0.0,0.0,37.4,0.0,0.0,16.5,1.4,29.3
114,0.0,0.2,0.0,0.0,0.0,18.0,0.0,0.0,3.4,0.0,0.0,0.0,0.0,0.0,0.0,20.2,0.0,0.0,3.4,0.0,1.4
115,0.0,0.0,2.8,0.0,0.0,32.2,0.0,1.0,0.0,1.2,0.0,0.0,0.0,0.0,0.0,0.0,0.0,0.0,0.0,0.0,0.0
116,0.0,0.0,0.0,0.0,0.0,0.0,2.2,0.6,0.0,4.2,0.0,0.0,0.0,0.0,0.0,4.0,0.0,1.8,0.0,0.0,0.0
117,0.0,0.0,0.0,0.0,0.0,0.0,0.0,0.0,0.0,8.0,0.0,0.0,1.2,0.0,0.0,0.0,0.0,2.0,0.0,0.0,9.5
118,3.6,0.2,0.2,8.0,4.0,0.0,0.0,0.0,0.0,23.4,0.0,0.6,0.0,0.0,0.0,0.0,0.0,0.0,0.0,0.0,1.0
119,20.2,0.4,0.0,12.2,1.8,0.0,0.0,0.0,5.0,9.7,0.0,0.0,0.0,11.5,0.0,0.0,65.7,28.7,0.0,0.0,4.2
120,0.8,1.0,0.0,13.0,4.4,0.0,0.0,0.0,6.6,0.0,4.8,14.5,0.0,3.6,0.0,0.0,0.0,0.0,0.4,11.7,0.0
121,0.6,0.4,0.0,27.0,0.0,0.0,1.0,0.0,33.0,0.0,0.0,0.0,0.0,0.0,0.0,0.0,0.0,18.7,0.4,0.0,0.0
122,5.8,0.0,0.0,4.4,0.0,2.8,0.0,0.0,0.0,0.0,0.0,0.0,0.0,0.0,0.0,0.6,0.0,0.0,0.0,0.0,22.8
123,3.4,0.0,0.0,0.6,0.0,0.0,32.1,0.0,0.0,0.0,0.2,0.0,0.0,0.0,0.0,0.0,0.0,0.0,0.0,0.0,13.3
124,2.4,0.0,4.8,0.0,0.0,0.0,4.4,0.0,0.0,0.0,0.0,0.0,0.0,31.0,0.0,0.0,0.0,0.0,0.0,0.0,0.0
125,0.0,0.0,0.0,0.2,5.4,0.0,0.0,0.0,0.0,0.0,2.8,0.0,0.0,0.0,4.0,2.6,0.0,0.0,0.0,0.0,0.0
126,0.6,0.2,1.2,0.0,0.0,0.0,1.4,0.0,2.0,0.2,0.0,0.0,0.0,0.0,0.0,0.0,0.0,0.0,0.0,0.0,0.0
127,0.0,0.0,6.4,0.0,0.0,0.0,4.0,0.0,1.0,0.0,0.0,0.0,0.0,0.2,0.0,0.0,0.0,0.0,0.0,0.0,0.0
128,0.0,0.2,0.6,0.0,0.0,0.0,0.0,0.0,0.0,0.0,0.0,0.0,0.0,0.0,0.0,4.8,0.0,0.0,0.4,0.0,0.0
129,0.0,5.0,0.2,0.2,0.0,0.0,6.0,0.0,0.0,1.4,0.0,0.0,0.0,16.8,0.8,0.2,0.0,1.6,0.0,0.2,0.0
130,0.0,0.0,0.0,0.0,0.0,0.0,0.0,0.0,0.0,0.0,0.0,0.0,0.0,0.0,0.0,0.0,1.0,2.0,0.0,0.0,0.0
131,1.0,5.2,0.0,0.0,0.0,0.0,0.0,0.0,0.0,0.0,0.0,0.0,0.0,0.0,0.0,0.0,29.3,0.0,0.0,0.2,0.0
132,0.0,0.4,0.2,0.0,1.2,6.0,0.0,1.0,0.0,0.0,0.0,0.0,0.0,0.0,0.2,0.0,17.8,0.6,0.0,0.2,0.0
133,0.0,44.2,0.0,0.0,0.4,0.2,0.0,0.2,0.0,0.0,0.0,0.0,4.8,0.0,0.0,0.0,0.0,0.0,0.0,6.7,0.0
134,0.0,0.0,0.0,0.0,0.0,0.0,0.0,0.0,1.0,1.0,0.0,0.0,0.2,0.0,0.0,0.2,1.4,0.0,0.0,0.0,0.8
135,0.0,0.0,0.0,0.0,0.0,0.0,1.6,0.0,0.0,46.3,0.0,0.0,10.7,0.0,0.0,5.2,5.5,0.0,0.0,0.0,4.6
136,0.0,0.0,0.0,0.0,2.0,0.0,0.0,0.0,0.0,3.8,0.0,0.0,0.0,0.0,0.0,0.0,2.8,0.0,0.0,0.0,9.7
137,0.0,0.0,0.0,0.0,4.2,0.0,0.0,0.0,0.0,42.8,0.0,0.0,0.0,0.0,0.0,0.0,12.5,0.0,0.0,3.8,18.5
138,0.0,0.0,0.0,0.0,0.0,0.0,0.0,0.0,0.4,9.0,0.0,0.4,0.0,0.0,0.0,1.2,5.4,0.0,0.0,0.4,0.0
139,0.0,0.0,0.0,0.0,0.4,0.0,0.0,0.0,2.0,0.0,0.0,0.0,0.0,0.0,30.1,3.0,0.0,0.0,0.0,4.8,0.0
140,0.0,0.0,0.0,0.0,0.4,0.0,0.0,0.0,0.4,0.0,0.0,0.0,0.0,0.0,7.2,1.8,1.2,1.4,0.0,1.4,0.0
141,0.0,0.0,0.0,0.0,0.0,0.0,0.0,0.0,28.8,0.2,0.0,0.0,0.0,0.0,0.0,0.0,0.0,0.0,0.0,1.6,1.4
142,0.0,0.0,0.0,0.0,0.0,0.0,0.0,0.0,5.2,0.0,0.6,0.0,0.0,1.8,0.0,0.0,0.0,11.5,0.0,0.0,0.0
143,0.0,0.0,0.0,0.2,0.6,0.4,0.0,0.0,0.0,0.0,0.0,0.0,0.0,0.0,0.0,0.0,0.0,0.0,0.0,0.0,0.0
144,0.0,0.0,0.0,0.6,0.8,0.8,0.0,0.0,0.0,0.2,0.0,0.0,0.0,0.0,0.0,0.0,0.0,0.0,1.2,0.0,7.8
145,0.0,0.0,0.0,0.2,5.2,0.0,0.0,0.0,0.2,0.0,0.0,6.7,0.0,0.0,0.0,0.0,0.0,0.0,0.0,5.1,0.0
146,0.0,0.0,0.0,0.0,1.8,0.0,0.0,0.0,1.0,0.0,11.2,0.0,0.0,0.0,0.0,0.4,0.0,0.0,0.0,0.0,0.0
147,1.2,0.0,0.0,0.0,0.2,0.0,0.0,0.0,1.6,0.0,0.2,0.0,0.0,0.0,4.0,0.0,0.0,0.0,0.0,0.0,0.0
148,0.0,0.0,0.0,0.0,10.2,0.0,0.0,0.0,0.4,8.4,0.0,0.0,0.0,0.0,5.0,0.0,0.0,0.0,0.0,0.0,0.0
149,0.0,0.0,10.8,11.6,9.8,0.6,0.0,0.0,0.0,3.4,0.0,0.0,0.0,0.0,0.0,0.0,0.6,0.0,0.0,0.4,0.0
150,0.0,0.0,0.0,0.4,1.6,3.6,0.0,8.4,0.0,0.0,0.0,0.2,0.0,0.0,0.0,0.0,0.0,0.0,0.2,0.0,0.0
151,0.4,0.0,0.0,0.4,0.0,0.0,0.0,13.4,0.0,0.0,0.0,0.0,0.0,0.0,0.0,0.0,0.4,0.8,0.0,1.4,0.0
152,0.0,0.0,0.0,0.0,4.6,0.0,0.0,3.0,0.0,0.0,0.0,0.0,0.0,0.0,0.0,0.0,0.0,0.0,0.0,0.0,0.0
153,1.2,0.0,0.0,1.6,1.6,0.0,0.0,0.0,0.0,12.0,0.0,0.0,0.0,0.0,0.0,0.0,0.0,0.0,0.0,0.0,0.0
154,0.0,0.0,0.0,0.2,0.0,0.0,0.0,43.0,0.0,0.0,0.0,0.0,13.8,0.0,0.2,0.0,0.0,0.0,2.0,0.0,0.0
155,0.0,4.8,0.0,6.0,0.2,0.0,0.0,1.0,7.0,0.0,0.0,0.0,0.0,0.0,2.0,0.0,0.0,0.0,0.0,0.0,0.0
156,0.0,0.0,0.0,0.0,1.6,0.0,0.0,0.4,0.0,0.0,2.0,0.0,0.0,0.0,0.0,0.0,73.8,0.0,0.0,0.0,0.0
157,0.0,0.0,0.0,0.0,0.0,7.2,0.0,9.4,0.0,0.0,0.0,0.0,0.0,0.0,0.0,0.0,0.0,0.0,0.0,0.0,0.0
158,0.0,0.0,0.0,0.0,0.2,1.0,0.0,0.0,0.0,0.0,0.0,0.0,0.0,0.0,0.0,0.0,0.0,1.4,0.0,0.0,0.0
159,0.0,0.4,0.0,0.0,4.2,0.0,0.0,0.0,0.0,10.8,0.0,0.0,0.2,0.0,0.0,0.0,2.8,0.0,0.0,0.0,0.0
160,0.0,8.2,0.0,0.0,0.0,0.0,0.0,0.0,0.0,0.6,0.0,0.0,1.0,0.0,0.0,0.4,0.0,0.0,0.0,0.0,0.0
161,0.0,0.0,0.0,0.0,0.0,0.0,0.0,0.0,0.0,0.0,0.0,0.0,0.0,0.0,31.1,0.8,0.0,0.0,0.0,0.2,0.0
162,0.0,0.0,0.0,0.0,0.0,0.0,5.0,0.0,0.0,0.0,0.0,0.0,0.0,0.0,0.0,0.0,0.4,0.0,0.0,0.0,0.0
163,11.0,0.2,0.0,6.0,0.2,0.0,11.4,0.0,0.0,0.0,0.0,0.0,0.0,0.0,2.4,0.0,0.0,0.0,0.0,0.0,0.0
164,5.6,0.0,0.0,0.0,0.0,0.0,5.8,0.0,0.0,0.0,0.0,0.0,1.0,0.0,0.0,0.0,0.0,0.0,0.0,2.8,0.0
165,0.0,0.8,0.2,0.0,0.0,0.2,0.0,0.0,0.0,0.0,0.0,0.0,9.0,0.0,1.0,0.0,9.4,0.0,0.0,1.2,0.0
166,0.0,0.0,0.6,4.0,0.0,0.0,0.0,0.0,0.0,0.0,0.0,0.0,0.0,0.0,0.0,0.0,0.0,0.0,0.0,2.0,0.0
167,0.0,0.0,0.4,0.2,0.0,0.0,17.8,0.0,0.0,0.0,0.0,0.4,0.0,0.0,0.0,0.0,0.0,0.0,0.0,0.0,0.0
168,0.0,0.0,0.0,0.0,19.0,0.0,0.0,0.0,0.0,0.0,0.0,8.4,0.0,0.0,3.2,0.0,0.0,0.0,0.0,0.0,0.0
169,0.0,0.0,0.0,0.2,0.0,0.0,0.0,0.0,0.0,0.0,0.0,1.0,0.0,0.0,0.0,0.0,0.0,0.2,0.0,0.0,0.0
170,0.0,0.0,0.0,0.0,0.0,0.0,0.0,0.0,0.0,1.4,1.2,0.0,0.0,0.0,0.0,0.0,0.0,0.0,0.0,0.0,0.0
171,0.0,0.0,0.0,0.0,0.0,1.4,0.0,0.0,0.0,0.0,0.0,4.0,1.0,0.0,0.0,0.0,0.0,0.0,0.0,0.0,0.2
172,0.0,0.0,0.0,0.0,0.0,0.0,0.0,0.0,0.0,0.0,0.0,0.0,5.0,0.0,0.0,0.0,0.0,0.0,0.0,0.0,1.8
173,0.0,0.0,0.0,0.0,0.0,0.0,0.0,0.0,0.0,0.0,0.0,0.0,0.0,0.0,0.0,0.4,0.0,0.0,1.4,0.0,1.4
174,0.0,0.0,0.4,0.0,0.0,0.0,0.0,0.0,0.0,0.0,0.0,0.0,0.0,0.0,0.0,0.0,0.0,0.0,4.4,0.0,0.0
175,0.0,0.0,0.0,0.0,0.0,1.0,2.0,0.0,0.0,0.0,0.0,0.0,0.4,0.0,0.0,0.0,0.0,0.0,0.0,0.0,0.2
176,0.0,0.0,0.0,0.0,0.0,0.0,0.0,0.0,0.0,0.0,0.0,0.2,0.0,0.0,0.0,0.0,0.0,0.0,0.0,0.0,3.2
177,0.0,0.0,0.0,0.0,0.0,0.6,0.0,0.0,0.0,0.0,0.0,0.0,0.0,0.0,0.0,0.0,0.0,0.0,0.0,0.0,2.4
178,0.0,0.0,0.0,0.0,0.0,0.2,0.0,0.0,0.0,0.0,0.0,0.0,0.0,0.0,0.0,0.0,0.0,0.0,0.0,0.0,0.4
179,0.0,0.0,0.0,0.0,0.0,0.0,0.0,0.0,0.0,0.0,0.0,0.0,0.0,0.0,0.0,0.0,0.0,0.0,14.8,0.0,0.0
180,0.0,0.2,0.0,0.0,0.0,0.6,0.0,0.0,0.0,0.0,0.0,0.0,0.0,0.0,4.0,0.0,0.0,0.0,0.0,0.0,0.0
181,0.0,0.0,0.0,0.0,0.0,0.0,0.0,0.0,0.0,0.0,6.0,0.0,0.0,0.0,0.0,0.0,0.0,0.0,0.0,13.6,0.0
182,0.0,0.0,0.0,0.0,0.0,0.0,0.0,0.0,0.0,0.0,4.9,0.0,0.0,0.0,4.0,0.0,0.0,0.0,0.0,0.0,0.0
183,0.0,0.0,0.0,0.0,0.0,0.0,0.0,5.4,0.0,0.0,0.0,0.0,0.0,0.0,0.0,0.0,0.0,1.4,0.0,0.0,0.0
184,0.0,0.0,0.0,0.0,0.0,0.0,0.0,0.0,0.0,0.0,0.0,0.0,0.0,3.0,0.0,0.0,0.0,0.0,0.0,1.4,0.0
185,1.2,5.0,6.4,0.0,0.0,0.0,0.0,0.0,0.0,0.0,0.6,0.0,0.0,0.0,3.0,0.0,0.2,0.0,0.0,0.0,0.0
186,1.4,0.0,0.0,0.0,0.0,0.0,0.0,0.0,0.0,0.0,0.0,0.0,0.0,0.0,3.0,0.0,0.0,0.0,0.0,0.0,0.0
187,0.0,0.0,0.4,1.0,0.0,0.0,0.0,0.0,0.0,0.0,0.0,0.0,0.0,0.0,0.0,0.0,0.0,0.0,0.0,0.0,0.0
188,0.0,3.0,0.0,0.0,0.4,0.0,0.0,0.0,0.0,0.0,0.0,0.0,0.0,0.0,0.0,0.0,0.0,0.0,0.0,0.0,0.0
189,0.0,0.0,0.0,0.0,1.0,0.0,0.0,0.0,0.0,0.0,0.0,0.0,0.0,0.0,0.0,0.0,0.0,0.0,0.0,0.0,0.0
190,1.0,0.0,0.2,0.0,0.0,0.0,0.0,0.0,0.0,0.0,7.7,0.0,0.0,0.0,0.0,1.4,0.0,0.0,0.0,0.0,0.0
191,0.0,0.0,0.0,0.0,0.0,0.0,0.0,0.0,0.0,0.0,0.0,0.0,0.0,0.0,0.0,0.0,0.0,0.0,0.0,0.0,0.0
192,0.0,0.0,0.0,0.0,0.2,0.0,0.0,11.2,0.0,0.0,0.0,0.0,0.0,0.0,0.0,0.0,0.0,0.0,0.0,0.0,0.0
193,0.0,0.6,0.0,0.0,0.0,0.4,0.0,0.0,0.0,0.0,3.0,0.0,0.0,0.0,0.0,0.0,0.0,0.0,0.0,0.0,0.0
194,0.0,0.0,0.0,0.0,0.0,0.0,0.0,0.0,0.0,0.0,0.0,0.0,0.0,0.0,0.0,0.0,0.0,0.0,0.0,0.8,0.6
195,0.0,0.0,0.0,0.0,0.0,0.0,0.0,0.0,0.0,0.0,0.0,0.0,0.0,0.0,0.0,0.0,0.2,3.2,0.0,0.0,0.0
196,0.0,0.0,0.0,0.0,0.0,0.0,0.0,1.6,0.0,0.0,0.0,0.0,0.0,0.0,0.0,4.2,0.2,0.0,0.0,0.0,0.0
197,0.0,0.0,0.0,0.0,0.0,0.0,0.0,3.0,0.0,0.0,0.0,0.0,0.0,0.0,0.0,0.0,0.6,0.0,0.0,0.0,0.0
198,0.0,0.0,0.0,0.0,0.0,0.0,0.0,20.0,0.0,0.0,0.0,0.0,0.0,0.0,0.0,0.0,0.0,0.0,0.0,0.0,0.0
199,0.0,0.0,0.0,0.0,0.0,0.0,0.0,0.0,0.0,0.0,0.0,0.0,0.0,0.0,0.0,0.0,0.0,0.0,0.0,0.0,0.0
200,0.0,0.0,0.0,0.0,0.0,0.0,0.0,0.0,0.0,0.0,0.0,0.0,0.0,0.0,0.0,0.0,1.4,0.0,0.0,0.0,0.0
201,0.0,0.0,0.0,0.0,0.2,0.0,0.0,0.0,2.6,0.0,0.0,0.0,0.0,0.0,0.0,0.0,0.0,0.0,0.0,0.0,0.0
202,0.4,0.0,0.0,0.0,0.0,0.0,0.0,0.0,0.0,0.0,0.0,0.0,0.0,0.0,0.0,0.0,0.0,0.0,0.0,0.0,0.0
203,0.0,0.0,0.0,0.0,0.0,0.0,0.0,0.0,0.0,0.0,0.0,0.0,0.0,0.0,0.0,0.0,0.0,0.0,0.0,0.0,0.0
204,0.0,0.0,1.0,0.0,0.0,0.0,0.0,0.0,0.0,0.0,0.0,0.0,0.0,0.0,0.4,0.0,0.0,0.0,0.0,0.0,0.0
205,0.0,0.0,0.2,0.0,0.0,0.0,0.0,12.0,0.0,0.0,0.0,0.0,0.0,0.0,21.0,0.0,0.0,0.0,0.0,0.2,0.0
206,0.0,0.0,0.2,0.0,0.0,0.0,0.0,2.2,0.0,0.0,0.8,0.0,0.0,0.0,0.0,0.0,0.0,0.0,0.0,0.2,0.0
207,0.0,0.0,0.0,0.0,0.0,0.0,0.6,0.2,0.0,0.0,0.0,0.0,0.0,0.0,0.0,0.0,0.0,0.0,0.0,0.0,0.0
208,0.0,0.0,0.0,0.0,0.0,0.0,0.0,0.0,0.0,23.5,12.0,0.0,0.0,0.0,0.0,33.5,0.0,0.0,0.0,0.0,0.0
209,0.0,0.0,0.0,0.0,0.0,0.0,0.0,0.0,0.0,0.0,0.0,0.0,0.0,0.0,0.0,1.2,0.0,0.0,0.0,0.2,0.0
210,0.0,0.0,0.0,0.0,0.0,0.0,0.0,0.0,0.0,0.0,0.0,0.0,0.2,0.0,0.0,0.0,0.0,0.0,0.0,0.0,0.0
211,0.0,0.0,0.0,0.0,0.0,0.0,0.0,0.0,0.0,0.0,0.0,0.0,1.0,0.0,0.0,0.0,0.0,0.0,0.6,0.0,0.0
212,0.0,0.0,0.0,0.0,0.0,0.0,0.0,0.2,0.0,0.0,1.0,0.0,0.0,0.0,0.0,0.0,0.0,0.0,0.0,0.0,0.0
213,1.8,0.0,0.0,0.0,0.0,0.0,1.8,0.0,0.0,0.0,0.0,0.0,0.0,0.0,0.0,0.0,0.0,0.0,0.0,0.0,0.0
214,0.0,0.0,0.0,0.0,0.0,0.0,0.0,0.0,0.0,0.0,0.0,0.0,0.0,0.0,0.0,0.0,0.0,1.8,0.0,0.0,0.0
215,0.0,0.0,2.0,0.0,0.0,0.0,0.0,0.0,0.0,0.0,0.0,0.0,0.0,0.0,0.0,0.0,0.0,0.0,0.0,0.0,0.0
216,0.0,3.4,0.0,0.0,0.0,0.0,0.0,0.4,0.0,0.0,0.0,0.0,0.0,0.0,0.0,0.0,2.0,0.0,0.0,0.2,0.0
217,0.0,1.6,0.4,0.0,0.0,0.0,0.0,0.0,0.0,0.0,0.0,0.0,0.0,0.0,0.0,0.0,0.2,0.0,0.0,0.0,0.0
218,0.0,0.0,0.0,0.4,0.0,0.0,0.0,0.0,0.0,10.0,0.0,0.0,0.0,0.0,0.0,0.0,0.0,0.0,0.0,0.0,0.0
219,0.0,0.0,0.0,0.6,0.0,0.0,0.0,0.0,0.0,0.0,0.0,0.0,0.0,0.0,0.0,0.0,0.0,0.0,0.0,0.0,0.0
220,0.0,0.0,0.0,0.0,0.0,0.0,0.0,0.0,0.0,0.0,0.0,0.0,0.0,0.0,0.0,0.0,0.0,0.0,0.0,0.0,0.0
221,0.0,0.0,0.0,0.0,0.0,0.0,5.8,0.0,0.0,0.0,0.0,0.0,0.0,0.0,0.0,0.0,0.0,0.0,0.0,0.0,0.0
222,0.0,0.0,0.0,0.0,0.0,0.0,39.0,0.0,0.4,0.0,0.0,0.0,0.0,0.0,0.0,0.0,0.0,2.0,0.0,0.0,0.0
223,0.0,0.6,0.0,0.0,1.0,0.0,0.0,0.0,0.0,0.0,0.0,0.0,0.8,0.2,0.0,0.0,0.0,0.0,0.0,0.0,0.0
224,0.0,0.0,0.0,0.0,3.2,0.0,0.0,0.0,0.0,0.0,0.0,0.0,0.0,0.6,0.0,1.6,0.0,0.0,0.0,0.0,0.0
225,0.0,0.0,15.0,0.0,0.0,0.0,0.0,0.0,0.0,0.0,0.0,0.0,0.0,0.0,0.0,0.0,0.0,0.0,0.0,0.0,0.0
226,0.2,24.8,20.2,0.0,0.0,0.0,0.0,0.0,0.0,0.0,0.0,0.0,0.0,0.0,0.0,0.0,0.0,0.0,0.0,0.0,0.0
227,0.0,3.4,0.4,0.0,0.0,0.0,0.0,0.0,0.0,0.0,0.0,0.0,0.0,0.0,0.0,0.0,0.0,0.0,0.0,0.0,0.0
228,0.0,0.0,0.0,0.0,0.0,0.0,6.8,0.0,0.0,0.0,0.0,0.6,0.0,0.0,0.0,0.0,0.0,0.0,0.0,0.0,7.9
229,0.0,0.0,0.0,0.0,0.0,0.0,0.0,0.0,0.0,0.0,0.0,0.0,0.0,0.0,1.0,0.0,0.0,0.0,0.0,0.0,2.8
230,0.0,0.0,0.0,2.8,0.0,0.0,0.0,0.0,0.0,0.0,0.0,0.0,0.0,0.0,0.0,0.0,0.0,0.0,9.5,0.0,0.0
231,0.6,0.0,0.0,0.0,0.0,0.0,0.0,0.0,0.0,0.0,20.2,0.0,0.0,0.0,0.0,0.0,0.0,0.0,2.6,0.0,1.4
232,0.0,0.0,0.0,0.0,0.0,0.0,0.0,0.0,0.0,0.0,0.0,0.2,0.0,0.0,0.0,0.0,0.0,0.0,0.0,0.0,0.0
233,0.0,1.2,0.0,0.0,0.0,0.0,0.0,0.0,0.0,0.0,0.0,0.0,0.0,0.0,8.1,0.0,0.0,0.0,0.0,0.0,0.0
234,0.0,0.0,0.0,0.0,0.0,0.0,0.0,0.0,0.0,0.0,0.0,2.2,0.0,0.0,0.0,0.0,0.0,41.9,0.0,0.0,0.0
235,0.0,0.0,0.0,0.0,0.0,0.0,0.0,0.0,5.0,0.0,0.0,0.0,0.0,0.0,0.0,0.0,0.0,0.0,0.0,0.0,0.0
236,0.0,0.0,0.0,0.0,0.0,0.0,0.0,16.0,0.0,0.0,0.0,0.0,0.0,0.0,0.0,0.0,0.0,0.0,0.0,0.0,0.0
237,0.0,0.0,0.0,0.0,0.0,0.0,0.0,0.0,0.0,0.0,1.6,0.0,0.0,0.0,0.0,0.0,0.0,0.0,0.0,0.0,0.0
238,0.0,0.0,0.0,0.0,0.0,0.0,0.0,0.0,0.0,4.4,0.0,0.0,0.0,0.0,0.0,0.0,0.0,0.0,0.0,0.0,0.0
239,0.0,0.0,0.0,0.0,0.0,0.0,0.0,0.0,0.8,0.0,0.0,0.0,0.0,0.0,0.0,0.0,0.0,0.0,0.0,4.8,0.0
240,0.0,0.0,0.0,0.0,0.0,0.0,0.0,0.0,0.0,0.0,0.0,0.0,0.0,0.0,0.0,0.4,0.0,0.0,0.0,19.0,0.0
241,0.0,2.2,0.0,0.0,0.0,0.0,0.0,0.0,0.4,0.0,0.0,0.8,0.0,0.0,0.0,0.0,0.0,0.0,0.0,0.0,0.0
242,0.0,0.2,0.0,0.0,0.0,0.0,0.0,0.0,4.9,0.0,0.0,11.4,0.0,0.0,0.0,0.0,3.6,0.0,0.0,0.0,0.0
243,0.4,73.4,0.0,0.0,0.0,0.0,0.0,0.0,21.2,0.0,0.0,10.0,0.0,0.0,0.0,0.0,0.0,0.2,0.0,0.0,0.0
244,0.0,2.6,0.0,0.0,0.0,0.0,0.0,4.6,1.6,0.0,0.0,0.0,0.0,0.0,0.0,0.0,0.2,0.0,0.0,0.0,0.0
245,0.0,67.4,0.0,0.0,0.0,0.0,0.0,0.0,0.0,0.0,0.0,0.0,0.0,0.0,0.0,0.0,0.0,0.0,0.0,0.0,0.0
246,0.0,0.2,0.0,0.0,0.0,0.0,0.0,0.0,0.0,0.0,0.0,0.0,0.0,0.0,0.0,0.0,0.0,0.0,0.0,0.0,2.6
247,0.0,0.8,0.0,0.0,0.0,0.0,0.4,0.0,0.0,0.0,0.0,0.0,0.0,0.0,0.0,0.0,0.0,0.0,0.0,0.0,0.0
248,0.0,0.0,0.0,0.0,0.0,0.0,2.4,0.0,0.0,0.0,0.0,0.0,0.0,0.0,0.0,0.0,0.0,0.0,0.0,0.0,6.5
249,6.0,0.0,0.0,0.0,1.0,0.0,0.0,0.0,0.0,11.5,0.0,0.0,1.2,0.0,0.0,1.2,0.0,0.0,0.0,0.0,36.6
250,0.0,0.0,0.0,0.0,0.0,0.0,0.0,0.0,0.0,0.0,0.0,0.0,5.8,0.0,0.0,0.0,0.0,0.0,0.0,0.0,0.0
251,6.0,0.0,0.0,0.0,0.0,0.0,0.0,0.0,0.0,0.0,0.0,0.0,0.0,2.0,0.0,0.0,0.0,0.0,0.0,0.0,0.0
252,7.0,0.2,0.0,0.0,0.0,0.0,0.6,0.0,0.0,0.0,0.0,0.0,0.0,0.0,0.0,0.0,0.0,0.0,1.0,0.0,48.9
253,0.0,0.0,19.0,0.0,0.0,0.2,0.0,0.0,0.0,0.0,0.0,0.0,0.0,0.0,6.5,23.8,0.2,0.0,0.0,0.0,0.0
254,0.0,6.2,21.4,0.0,0.8,8.0,0.0,0.0,0.0,0.0,0.0,0.0,0.0,0.0,2.2,0.0,0.0,0.0,0.0,0.0,0.0
255,0.0,4.0,0.0,0.0,0.6,53.0,0.0,0.0,0.0,0.0,0.0,0.0,0.0,0.0,0.2,0.0,2.0,0.0,0.0,0.0,0.0
256,0.0,0.2,0.0,0.2,0.0,0.0,1.8,0.0,0.0,0.8,0.0,0.0,0.0,0.0,0.0,0.0,0.0,0.2,0.0,1.6,1.6
257,0.0,0.2,0.0,0.0,0.0,24.8,0.4,0.0,0.0,0.0,0.0,0.0,0.0,0.0,0.0,0.0,0.0,21.9,0.0,0.0,0.4
258,0.0,0.0,0.2,0.0,0.0,0.8,0.0,3.2,0.0,0.0,0.0,0.0,0.0,0.0,0.4,0.0,0.0,0.0,5.6,0.0,0.0
259,0.0,0.0,0.0,0.0,0.0,1.4,0.0,0.0,0.0,0.0,0.0,0.0,0.0,41.0,0.0,0.0,0.0,0.0,0.4,6.5,0.0
260,0.0,0.0,0.0,0.0,8.4,0.2,0.0,0.0,0.0,0.0,0.0,0.0,0.0,0.0,0.0,0.0,0.0,0.0,0.0,0.0,0.0
261,10.6,1.0,0.0,0.0,1.4,0.0,0.0,0.0,0.0,0.0,0.0,0.0,0.0,0.0,0.0,0.0,0.0,18.3,0.0,2.4,0.2
262,0.6,0.0,0.0,0.0,21.0,0.0,0.0,0.0,0.0,0.0,0.0,26.8,0.0,0.0,0.0,0.0,0.0,0.0,0.0,0.0,1.0
263,0.0,0.4,12.8,0.0,24.0,0.0,6.2,0.0,0.0,0.0,0.0,6.4,0.0,0.0,0.0,0.0,0.0,0.0,0.0,1.4,0.0
264,0.0,0.0,29.2,0.0,0.0,0.0,0.2,0.0,27.4,0.0,0.0,0.0,0.0,0.0,0.0,8.9,47.8,0.0,0.0,26.5,0.0
265,0.0,0.2,0.0,20.2,0.0,0.0,0.0,0.0,0.0,0.0,0.0,2.0,2.8,1.0,1.8,11.3,0.0,0.0,0.0,5.3,0.0
266,0.0,0.0,0.2,16.6,0.0,0.0,0.2,0.0,38.2,0.0,0.0,1.8,4.1,0.0,0.0,13.2,6.4,0.0,0.0,0.0,0.0
267,0.0,0.0,0.0,0.0,0.0,0.0,0.0,0.0,1.8,0.0,0.0,0.0,0.0,0.0,0.0,0.0,0.0,6.7,0.0,0.0,33.2
268,0.0,0.0,0.0,1.2,2.2,0.0,0.0,0.0,0.0,0.0,0.0,0.0,0.0,0.0,0.0,0.0,22.5,0.0,27.0,0.0,0.0
269,0.0,11.4,4.8,0.0,0.0,0.0,0.0,0.0,4.2,0.0,0.0,0.0,0.0,0.0,0.0,0.0,0.0,0.0,0.4,0.0,0.0
270,0.0,1.0,0.2,0.0,0.0,0.2,0.0,0.0,39.2,0.0,0.0,0.0,0.0,0.0,0.0,0.0,0.0,0.0,0.0,0.0,4.2
271,0.0,0.0,0.0,0.0,0.0,0.0,0.0,0.0,3.2,1.4,0.0,0.0,0.0,0.0,0.0,0.0,0.0,0.0,0.0,0.0,0.0
272,0.0,0.0,0.0,0.2,0.0,0.0,0.0,0.0,0.0,0.0,0.0,0.0,19.0,0.0,0.0,0.0,0.0,0.0,0.0,0.0,0.0
273,0.0,0.8,0.0,0.0,0.0,0.0,14.0,0.0,0.0,0.0,0.0,0.0,2.0,9.2,0.0,0.0,0.0,0.0,0.0,0.0,0.0
274,0.0,0.0,0.0,0.0,0.0,0.0,0.0,0.0,0.0,0.0,0.0,0.0,0.0,0.0,0.0,0.0,0.0,5.5,0.0,0.0,0.0
275,0.0,0.0,0.0,4.4,0.0,0.0,0.0,0.0,0.0,0.0,0.0,0.0,0.0,0.0,0.0,2.0,0.0,7.3,6.1,0.0,0.0
276,0.0,0.2,0.0,0.0,0.0,0.0,0.0,0.0,0.0,18.4,0.0,0.0,0.0,0.0,0.0,0.0,44.5,3.4,0.0,0.0,0.2
277,3.6,0.8,0.0,0.0,0.0,0.0,0.0,0.0,0.0,0.0,0.0,0.0,0.0,0.0,0.0,0.0,2.4,0.0,0.0,0.0,13.9
278,0.0,0.0,0.0,0.0,0.0,0.2,0.0,0.0,0.0,1.2,0.0,1.0,0.0,0.0,0.0,0.0,16.7,0.0,0.0,0.0,6.4
279,0.0,0.0,0.0,0.0,0.0,0.8,0.0,0.0,0.0,3.6,0.0,0.0,0.0,0.0,0.0,0.0,0.0,0.0,0.0,0.0,0.0
280,0.8,0.0,0.0,0.0,0.0,0.0,5.6,0.0,0.0,0.0,0.4,0.0,0.0,0.0,0.0,0.0,0.0,6.9,0.0,0.0,0.0
281,1.4,0.0,0.0,0.0,0.0,0.0,0.0,0.0,0.0,0.2,6.0,4.0,0.0,0.0,0.0,0.0,0.0,0.0,0.0,0.0,2.0
282,5.8,0.0,0.0,0.0,0.0,0.0,0.8,0.0,16.2,0.0,0.0,85.8,0.0,0.0,0.0,0.0,0.0,0.0,0.8,0.0,11.3
283,0.0,6.0,0.0,0.0,0.0,0.0,0.0,0.0,0.0,0.0,0.0,98.2,0.0,0.0,0.0,0.0,0.0,0.0,106.9,0.0,2.4
284,0.0,39.4,0.0,0.0,0.0,0.0,0.0,2.0,0.0,0.0,0.0,11.8,0.0,0.0,2.4,0.0,0.0,1.0,0.2,0.0,0.0
285,0.0,51.4,0.0,0.0,0.0,0.0,4.0,0.0,31.0,0.0,0.0,0.0,0.0,0.0,0.0,0.0,41.9,0.0,0.0,0.0,0.0
286,0.2,0.6,0.0,0.0,0.0,2.2,6.2,0.0,0.0,0.0,8.0,0.0,0.0,0.0,0.0,0.0,0.0,0.0,0.0,0.0,0.0
287,0.0,0.4,11.6,0.0,0.0,0.0,0.0,0.0,0.0,0.0,1.2,0.0,0.0,0.0,0.0,0.0,0.0,0.0,0.0,0.0,0.0
288,1.6,1.0,5.8,0.0,0.0,0.0,0.0,0.0,0.2,0.2,1.0,0.0,1.0,0.0,0.0,29.1,10.9,0.0,0.0,0.0,0.8
289,8.8,1.0,23.0,0.0,0.0,1.0,0.0,1.2,0.0,0.0,0.0,0.0,0.0,0.0,0.0,0.0,0.0,0.0,0.0,0.0,0.0
290,17.8,0.0,0.2,0.0,0.0,24.8,0.0,8.2,0.0,0.0,0.0,0.0,0.0,0.0,12.9,2.8,0.0,0.0,0.0,0.0,6.4
291,17.6,0.2,8.0,0.0,0.0,7.4,0.0,0.0,0.0,0.0,0.0,0.0,15.0,0.0,0.0,9.5,0.0,0.0,0.0,2.6,5.0
292,0.0,0.0,0.4,0.0,1.6,0.0,0.0,0.0,0.2,0.0,0.4,0.6,4.0,0.0,0.0,5.5,0.0,0.4,0.0,16.2,30.3
293,20.4,0.2,0.0,2.6,0.4,0.0,23.6,0.0,0.8,0.0,2.0,8.0,21.6,0.0,21.9,7.1,0.0,0.0,0.0,24.8,0.0
294,11.0,0.0,0.0,0.0,0.6,0.0,0.4,0.2,0.0,0.0,30.2,0.0,0.0,0.0,29.9,9.5,0.0,0.0,0.0,0.0,0.0
295,0.8,0.0,0.0,0.0,1.6,0.0,0.0,35.6,0.0,5.6,0.8,0.0,8.4,0.0,36.3,0.0,0.0,0.0,1.2,0.0,0.0
296,0.0,0.0,0.2,0.4,0.0,0.0,0.0,1.0,15.4,5.8,0.0,0.0,43.0,0.0,0.0,7.4,0.0,0.0,0.4,0.0,0.0
297,0.0,0.2,0.0,0.0,0.0,0.0,0.0,0.0,57.8,0.0,0.0,0.0,0.0,0.0,0.0,37.8,4.0,0.0,0.0,31.9,0.0
298,0.0,0.0,0.2,0.0,25.2,0.0,0.0,0.0,1.8,0.0,0.0,0.0,0.0,0.0,0.0,0.0,0.0,0.0,0.0,0.0,0.2
299,0.0,0.0,0.0,0.0,12.0,0.0,31.4,0.0,0.0,0.2,0.0,0.0,0.0,0.0,0.0,0.0,3.8,0.0,0.2,0.0,34.1
300,0.0,0.0,0.0,0.0,8.0,0.0,101.0,0.0,0.0,0.2,0.0,0.0,0.0,0.0,3.8,0.0,4.2,0.0,0.0,0.0,32.9
301,1.4,13.2,0.0,0.0,25.0,4.0,27.0,0.0,4.6,1.6,0.0,0.0,0.0,0.0,0.0,0.0,0.0,9.7,0.0,0.8,3.9
302,11.4,11.0,0.0,0.0,0.0,20.0,0.0,0.0,9.2,0.2,0.0,0.0,0.0,0.0,0.0,0.0,0.0,7.2,0.0,0.0,0.0
303,0.0,0.4,0.0,0.0,3.0,0.0,0.0,0.4,0.0,0.0,0.0,0.0,0.0,0.0,0.0,0.0,0.0,32.5,0.0,1.6,0.0
304,0.0,0.2,0.0,0.0,6.4,0.0,0.0,1.2,0.0,0.0,0.0,0.0,0.0,0.0,0.0,1.0,0.0,0.0,0.0,0.0,0.0
305,0.0,0.0,0.0,0.0,2.4,11.2,0.0,5.4,5.0,0.0,0.0,0.0,6.2,0.0,0.0,0.0,0.0,8.8,0.0,0.0,0.0
306,0.0,0.0,0.0,0.0,9.0,0.0,0.0,23.0,22.4,0.0,0.0,0.0,5.0,0.0,0.0,0.0,0.0,0.0,22.1,9.1,0.0
307,0.0,0.0,0.0,0.0,40.4,1.4,0.0,104.4,0.0,2.2,0.0,0.0,1.2,0.0,0.0,0.6,0.0,0.0,0.0,0.0,0.0
308,0.0,3.2,0.0,0.0,1.0,2.4,0.0,7.0,0.0,0.0,0.0,5.2,0.2,0.0,0.0,0.0,0.0,0.0,21.2,5.4,0.0
309,0.0,25.2,0.0,0.0,0.0,0.0,1.4,21.4,0.0,0.0,0.0,11.4,0.0,0.0,0.0,0.6,0.0,0.0,1.6,0.0,0.0
310,0.0,0.4,0.0,0.0,0.0,0.0,0.0,14.0,0.0,0.0,0.0,0.0,0.0,0.0,0.0,0.0,0.0,0.0,0.0,0.0,0.0
311,0.2,5.4,0.0,0.0,0.0,0.0,0.0,0.0,8.8,0.0,0.0,0.0,0.0,0.0,1.6,2.6,0.0,0.0,0.0,0.0,0.0
312,0.0,0.0,0.0,0.0,0.0,0.0,0.0,0.0,23.9,0.0,0.0,0.0,0.0,0.0,29.8,0.0,0.0,2.4,0.0,0.0,0.0
313,0.0,0.0,0.0,0.0,17.2,0.0,0.6,0.0,0.0,0.0,0.0,0.0,0.0,0.0,7.0,1.6,1.4,0.2,0.0,7.7,0.0
314,0.0,0.0,0.0,0.0,12.0,0.0,20.4,0.0,0.0,0.0,0.0,0.0,0.0,0.0,30.6,0.6,0.0,0.4,7.2,0.0,2.2
315,0.0,0.0,0.2,0.0,0.0,0.2,13.2,0.0,0.0,0.0,8.0,2.0,0.0,0.0,0.2,3.6,0.0,0.0,1.2,0.0,0.0
316,0.0,0.0,0.0,0.0,0.0,0.0,0.0,0.0,0.0,0.0,163.3,0.0,0.0,0.0,20.6,0.0,0.0,1.8,0.0,1.2,0.0
317,0.0,0.0,18.2,1.2,0.0,0.0,4.2,0.0,0.0,0.0,5.2,0.0,0.0,3.8,15.6,0.0,0.0,14.9,0.0,0.0,0.8
318,0.0,0.0,0.2,36.2,0.0,0.0,0.0,0.0,0.0,39.4,0.0,0.0,15.7,19.8,4.8,38.5,0.8,0.0,0.0,0.0,0.0
319,0.0,0.0,0.2,11.0,0.0,0.0,5.2,0.0,0.0,0.0,0.0,0.0,0.2,3.2,0.2,26.1,0.0,2.0,0.0,0.0,0.0
320,4.0,0.0,0.0,2.2,0.0,0.0,27.2,0.0,0.0,0.8,0.0,0.0,0.0,1.0,0.4,1.6,0.0,0.0,11.3,0.0,0.0
321,20.0,0.0,0.0,0.0,0.0,0.0,11.2,0.6,0.0,1.2,47.0,0.0,0.0,2.2,10.3,0.0,0.2,0.0,2.7,0.0,0.0
322,1.6,0.0,5.6,0.0,0.0,0.0,0.0,0.0,0.0,21.2,55.0,0.0,0.0,0.0,29.5,13.1,0.0,0.0,0.0,0.0,0.0
323,3.6,0.0,16.8,0.0,0.0,0.0,0.0,0.0,0.0,0.0,30.6,0.0,0.0,0.0,3.6,13.9,0.0,0.0,0.0,0.0,0.0
324,2.8,0.0,0.2,0.0,3.0,0.0,0.0,0.0,0.0,0.4,24.4,0.0,0.0,0.0,5.6,22.5,0.0,0.8,0.0,0.0,0.0
325,0.0,35.8,0.0,0.0,8.4,0.0,0.4,0.0,0.0,2.8,0.0,0.0,0.0,0.0,10.2,14.1,0.0,0.0,0.0,0.0,0.0
326,0.0,5.0,0.0,0.0,0.0,0.0,1.4,0.0,0.0,0.0,0.0,0.2,0.0,0.0,0.0,25.6,0.0,0.0,4.6,0.0,1.4
327,0.0,0.0,0.0,0.0,0.0,0.0,8.4,0.0,10.2,0.0,65.0,0.0,0.8,0.0,0.0,83.2,0.0,20.8,5.2,0.0,0.0
328,2.6,50.0,0.0,0.0,8.2,1.4,0.0,0.0,23.6,0.0,5.0,0.0,0.0,0.0,4.2,26.0,0.0,0.6,0.0,0.0,0.0
329,0.6,22.2,0.0,0.0,1.0,59.0,0.8,0.0,45.6,0.0,1.8,0.0,0.0,0.0,2.0,0.0,0.0,0.0,0.0,0.0,5.8
330,0.0,2.0,8.6,0.0,37.2,4.4,18.2,0.0,24.2,0.0,2.0,0.0,0.0,0.0,0.0,0.0,0.0,0.0,0.0,0.0,0.0
331,0.0,3.0,76.0,0.0,39.0,0.0,0.0,0.0,18.0,0.0,0.0,0.0,0.0,0.0,0.0,27.0,0.0,0.0,0.0,0.0,2.8
332,0.0,0.0,0.2,0.0,0.0,0.0,0.0,0.0,0.0,0.0,0.0,0.0,7.1,0.0,0.0,0.0,0.0,0.0,0.0,0.0,0.0
333,0.0,0.0,2.0,0.0,0.0,14.2,0.0,25.6,0.0,0.0,0.0,0.0,0.0,0.0,0.0,0.0,0.0,0.0,0.2,0.0,0.0
334,0.0,0.8,4.8,0.0,0.0,0.0,5.4,2.0,0.0,6.2,0.0,4.0,11.0,0.0,0.0,0.0,0.0,0.0,3.4,5.6,0.0
335,0.0,0.0,7.0,3.2,2.0,0.0,7.6,0.0,0.0,0.0,0.0,0.0,28.7,0.0,0.0,66.2,0.0,0.0,2.0,2.4,0.0
336,0.0,0.0,44.4,0.0,0.0,1.4,0.2,0.0,0.0,0.0,0.0,0.0,17.3,0.0,0.0,4.2,0.6,0.0,0.0,0.0,0.0
337,0.2,0.0,0.0,0.0,0.0,0.2,1.8,0.0,0.0,0.0,0.0,0.0,0.6,0.0,0.0,0.0,0.0,0.0,0.0,0.0,0.0
338,0.0,2.0,0.0,0.0,0.0,0.0,0.0,0.0,0.0,0.0,62.4,0.0,47.4,0.0,0.4,0.0,0.0,0.0,15.5,6.2,0.0
339,0.0,0.0,0.0,0.0,0.0,0.0,0.0,0.0,0.0,0.0,10.8,0.0,13.7,0.0,7.5,0.0,29.0,0.0,14.6,0.0,0.0
340,0.0,0.0,0.0,0.0,38.6,0.0,0.0,0.0,0.0,0.0,29.9,0.0,0.0,0.0,4.6,0.0,9.5,17.3,0.0,0.0,0.0
341,0.0,0.0,0.0,2.6,16.6,5.0,0.0,0.0,0.0,0.0,0.2,0.0,0.0,0.0,36.1,0.0,0.0,0.0,0.0,0.0,0.0
342,0.0,0.0,0.0,0.0,17.8,0.0,0.0,0.0,0.0,0.0,0.0,0.0,0.0,0.0,0.0,0.0,0.0,1.0,0.0,40.3,1.2
343,0.0,0.0,1.6,0.0,0.0,0.0,0.0,1.2,0.0,0.0,26.6,0.0,0.0,0.0,13.9,0.0,0.0,0.0,0.6,0.0,0.4
344,0.0,0.0,1.6,0.0,41.0,0.4,0.0,0.0,3.6,0.0,15.3,0.0,0.0,4.0,0.0,0.0,0.4,0.0,12.7,0.0,0.0
345,1.0,0.0,0.0,0.0,23.4,0.6,0.0,0.0,31.2,0.0,0.0,0.0,0.0,4.4,0.0,0.4,0.0,0.0,0.0,0.0,0.0
346,27.0,0.0,0.0,0.0,24.6,0.0,0.0,0.0,26.3,0.0,0.0,0.0,0.0,0.0,0.0,0.0,2.0,0.0,0.0,0.0,0.0
347,1.4,0.0,0.0,0.0,20.0,1.0,0.0,0.0,0.0,0.0,12.5,0.0,0.0,0.0,0.0,8.4,0.6,0.0,0.6,0.0,0.0
348,0.0,0.0,0.0,14.0,0.2,0.0,0.0,0.0,0.0,0.0,0.0,18.0,0.0,0.0,8.0,0.0,0.0,0.0,11.3,0.0,1.8
349,0.0,0.0,0.0,16.6,0.0,1.4,0.8,3.6,0.0,0.0,4.0,0.0,0.0,0.0,0.0,0.0,0.0,0.0,0.0,0.0,0.4
350,0.0,0.0,0.0,0.0,0.0,41.6,53.2,0.0,0.0,0.0,7.7,6.0,0.0,0.0,0.0,0.2,3.4,0.0,49.9,0.0,0.0
351,0,0.0,0.0,0.0,0.0,55.8,25.0,0.0,1.2,0.0,0.0,0.0,0.0,0.0,0.0,0.0,0.2,0.0,0.4,0.0,0.0
352,0,0.0,0.0,0.0,0.0,28.8,19.0,0.0,6.6,0.0,0.0,0.0,0.0,0.0,0.0,0.0,0.0,0.0,0.0,0.0,0.0
353,0,0.0,0.0,0.0,0.0,23.2,3.6,0.0,0.0,71.2,0.0,0.0,0.0,24.0,0.0,1.0,0.2,0.0,0.0,0.0,0.0
354,0,0.0,0.0,0.0,0.0,0.0,0.0,0.0,0.0,1.2,0.0,0.0,0.0,58.1,0.0,44.4,26.6,0.0,0.0,0.0,0.6
355,0,0.0,0.0,0.0,0.0,0.0,6.0,0.0,0.0,0.0,0.0,0.0,0.0,9.0,0.0,22.2,30.8,0.0,0.0,0.0,0.0
356,0,0.0,0.0,0.0,12.4,0.0,0.0,0.0,0.0,5.8,0.0,0.0,0.0,0.0,0.0,4.6,0.0,0.0,6.2,0.0,0.0
357,0,0,0.0,0,0.0,0.4,0.0,0.0,0.0,0.0,6.4,0.0,0.0,0.0,0.0,0.0,0.0,23.6,0.0,0.2,0.0
358,0,0,0.0,0,0.0,1.0,2.4,0.0,0.0,8.4,0.0,0.0,0.0,0.0,0.0,0.0,0.4,0.0,0.0,0.0,0.0
359,0,0,0,0,0.0,3.8,0.0,0.0,0.0,18.3,1.2,0.0,0.0,0.0,0.0,0.0,0.2,6.3,0.0,0.0,0.0
360,0,0,0,0,0.2,0,0,0.0,0.0,34.2,0.0,0.0,1.0,0.0,0.4,0.0,11.9,0.2,0.0,0.0,0.0
361,0,0,0,0,0.0,0,0,0.0,0.0,0.0,0.0,0.0,0.0,0.0,0.0,0.0,0.0,0.0,0.0,0.0,0.0
362,0,0,0,0,0,0,0,0,0.0,19.8,0.0,0.0,0.0,0.0,0.0,0.0,22.4,0.0,0.0,0.0,0.0
363,0,0,0,0,0,0,0,0,0,0.0,0.0,0.0,0.0,0.0,0.0,0.0,0.0,0.2,0.0,0.0,0.0
364,0,0,0,0,0,0,0,0,0,0.0,0.0,0.0,6.0,0.0,0.0,0.0,0.0,0,0.0,0.0,0.0
365,0,0,0,0,0,0,0,0,0,0.0,0.0,0.0,0.0,0.0,6.6,0.0,0.0,0,0.6,13.9,0.0
